{
    "MedPago": "Medios de Pago",
    "Certif": "Certificaciones",
    "EstCuent": "Estado Cuenta",
    "Seg": "Seguridad",
    "Camb": "Cambiar Contraseña",
    "CerrSes": "Cerrar Sesión",
    "SolCred": "Solicitudes de Crédito",
    "NuevSolici": "Nueva Solicitud",
    "ListSolici": "Solicitudes",
    "EstatyR": "Estatutos y Reglamentos",
    "Estat": "Estatutos",
    "PImp": "Para Imprimir",
    "EstCue": "Estado de Cuenta",
    "Rent": "Rentabilidad",
    "MisBenef": "Mis Beneficios",
    "AsiVamos": "Así Vamos",
    "ReglamAhPerm": "Reglamento de Ahorro Permanente",
    "ReglamAh": "Reglamento de Ahorro",
    "ReglamCr": "Reglamento de Crédito",
    "ReglamTaAfin": "Reglamento Tarjeta Afinidad",
    "SimulCred": "Simulador de Créditos",
    "Contact": "Contáctenos",
    "Actu": "Actualización de Datos",
    "CueVis": "Cuenta de Ahorros a la Vista",
    "ErrorDocum": "Error Obteniendo el Documento",
    "ErrorEstaCuenta": "Error Obteniendo Estado de Cuenta",
    "ErrorRentabil": "Error Obteniendo Rentabilidad",
    "EstadOk": "Estado de Cuenta Generado Exitosamente.\uD83D\uDE0A",
    "RentOk": "Rentabilidad Generada Exitosamente.\uD83D\uDE0A",
    "InfGestOk": "Informe Gestión. Así Vamos \uD83D\uDE09",
    "Sol": "Solicitar Apertura",
    "Est": "Estado, Extractos, Movimientos",
    "EstDes": "Estado, Extractos, Histórico Desembolsos",
    "Abonos": "Realizar Abono",
    "Info": "Información",
    "GenEx": "Generado Exitosamente!! \uD83D\uDE0A",
    "CredRot": "Crédito Rotativo",
    "SolDesemb": "Solicitar Desembolso"
}

